,count,best,mean,median,worst,std,variance,iqr,coefficient_of_variation,confidence_low,confidence_high
CALO without AI,1.0,2.3665316223686137,2.3665316223686137,2.3665316223686137,2.3665316223686137,0.0,0.0,0.0,0.0,2.3665316223686137,2.3665316223686137
