{
  "base_artifact_path": "",
  "base_candidate_ranking": [
    {
      "candidate_id": "B01",
      "metrics": {
        "any_feasible_found_rate": 0.75,
        "best_final_feasible_objective": 1.8639587719144433,
        "comparator_schema_version": "calo-champion-comparator-v5.9",
        "convergence_auc": 275006613.97412777,
        "deployable_eligible": false,
        "deployment_evidence_kind": "synthetic_screening_only",
        "development_experiment_config_path": "",
        "eligible": false,
        "feasible_episode_rate": 0.75,
        "final_best_feasible_rate": 0.75,
        "mean_final_feasible_objective": 2.5510026231026974,
        "mean_final_feasible_ratio": 0.65,
        "mean_validation_return": 1.7833509458487928,
        "median_constraint_violation": 0.0,
        "median_final_feasible_objective": 2.325618224112022,
        "median_steps_to_first_feasibility": 1.0,
        "median_validation_return": 1.9808622890081384,
        "objective_iqr": 0.6000734708546966,
        "policy_inference_ms": 0.3466091666875097,
        "real_orpd_by_case": {},
        "real_orpd_normalized": {},
        "screening_eligible": false,
        "synthetic_screening": {
          "any_feasible_found_rate": 0.75,
          "best_objective": 1.8639587719144433,
          "convergence_auc": 275006613.97412777,
          "episodes": 20,
          "final_best_feasible_rate": 0.75,
          "mean_final_feasible_ratio": 0.65,
          "mean_objective": 2.5510026231026974,
          "mean_validation_return": 1.7833509458487928,
          "median_constraint_violation": 0.0,
          "median_objective": 2.325618224112022,
          "median_steps_to_first_feasibility": 1.0,
          "median_validation_return": 1.9808622890081384,
          "objective_iqr": 0.6000734708546966,
          "valid": true,
          "worst_objective": 4.147482967082686,
          "worst_validation_return": 0.40769941695946843
        },
        "valid": true,
        "validation_bundle_fingerprint": "f6164a32f6e0b188aff9e13f439dfc122d0df13150f7a5dee886dce9f1c0553e",
        "validation_episodes": 20,
        "validation_seed": 918273,
        "worst_final_feasible_objective": 4.147482967082686,
        "worst_validation_return": 0.40769941695946843
      },
      "rank_key": [
        1,
        -0.75,
        2.325618224112022,
        0.0,
        275006613.97412777,
        0.6000734708546966,
        -1.9808622890081384,
        1,
        "B01"
      ]
    }
  ],
  "base_metrics": {},
  "base_sha256": "",
  "base_source": "none_no_eligible_base",
  "base_source_branch": "",
  "branches": [
    {
      "assigned_device": "cuda:0",
      "auxiliary_xpu_name": "",
      "auxiliary_xpu_runtime": "",
      "branch_id": "B01",
      "cpu_worker_budget": 20,
      "resource_slot": 0,
      "resume_epoch": 0,
      "resume_path": "C:\\Users\\User\\Downloads\\calo-rpd-studio-v1.0.0\\calo-rpd-studio\\calo_rpd_studio\\data\\trained_models\\base_0.3_branches\\generations\\87ae97ecc58a4e8aa6846bc541cf89a1\\B01.resume.pt",
      "seed": 2026,
      "status": "safe_stopped",
      "strategy": "same",
      "telemetry_path": "",
      "telemetry_paths": []
    }
  ],
  "champion_comparator_schema": "calo-champion-comparator-v5.9",
  "common_candidate_evidence": [
    {
      "candidate_id": "B01",
      "metrics": {
        "any_feasible_found_rate": 0.75,
        "best_final_feasible_objective": 1.8639587719144433,
        "comparator_schema_version": "calo-champion-comparator-v5.9",
        "convergence_auc": 275006613.97412777,
        "deployable_eligible": false,
        "deployment_evidence_kind": "synthetic_screening_only",
        "development_experiment_config_path": "",
        "eligible": false,
        "feasible_episode_rate": 0.75,
        "final_best_feasible_rate": 0.75,
        "mean_final_feasible_objective": 2.5510026231026974,
        "mean_final_feasible_ratio": 0.65,
        "mean_validation_return": 1.7833509458487928,
        "median_constraint_violation": 0.0,
        "median_final_feasible_objective": 2.325618224112022,
        "median_steps_to_first_feasibility": 1.0,
        "median_validation_return": 1.9808622890081384,
        "objective_iqr": 0.6000734708546966,
        "policy_inference_ms": 0.3466091666875097,
        "real_orpd_by_case": {},
        "real_orpd_normalized": {},
        "screening_eligible": false,
        "synthetic_screening": {
          "any_feasible_found_rate": 0.75,
          "best_objective": 1.8639587719144433,
          "convergence_auc": 275006613.97412777,
          "episodes": 20,
          "final_best_feasible_rate": 0.75,
          "mean_final_feasible_ratio": 0.65,
          "mean_objective": 2.5510026231026974,
          "mean_validation_return": 1.7833509458487928,
          "median_constraint_violation": 0.0,
          "median_objective": 2.325618224112022,
          "median_steps_to_first_feasibility": 1.0,
          "median_validation_return": 1.9808622890081384,
          "objective_iqr": 0.6000734708546966,
          "valid": true,
          "worst_objective": 4.147482967082686,
          "worst_validation_return": 0.40769941695946843
        },
        "valid": true,
        "validation_bundle_fingerprint": "f6164a32f6e0b188aff9e13f439dfc122d0df13150f7a5dee886dce9f1c0553e",
        "validation_episodes": 20,
        "validation_seed": 918273,
        "worst_final_feasible_objective": 4.147482967082686,
        "worst_validation_return": 0.40769941695946843
      },
      "source": "terminal_provisional"
    }
  ],
  "common_resume_epoch": 0,
  "generation_id": "87ae97ecc58a4e8aa6846bc541cf89a1",
  "logical_base_alias": "C:\\Users\\User\\Downloads\\calo-rpd-studio-v1.0.0\\calo-rpd-studio\\calo_rpd_studio\\data\\trained_models\\base_0.3.pt",
  "policy_lineage_id": "a9179292-57af-471a-b9b8-1ac833b96679",
  "policy_lineage_name": "CALO-policy-lineage",
  "previous_session_epochs": 24,
  "previous_training_mode": "cumulative",
  "provisional_artifact_path": "C:\\Users\\User\\Downloads\\calo-rpd-studio-v1.0.0\\calo-rpd-studio\\calo_rpd_studio\\data\\trained_models\\base_0.3_artifacts\\base_000000000000_5acf7fc1e3.pt",
  "schema_version": 3,
  "seed_plan": [
    {
      "branch_id": "B01",
      "seed": 2026,
      "strategy": "same"
    }
  ],
  "session": {
    "branch_count": 1,
    "branch_queue_quantum_epochs": 10,
    "cancelled_safe_stop": true,
    "common_resume_epoch": 0,
    "compute_profile_fingerprint": "57455f2c85edac1ec0e43dbea358c67c5ca83f6b95744ec9e96984b20ad6224a",
    "compute_protection": {
      "final_state": "GREEN",
      "protection_reason": "",
      "protection_stop": false,
      "provenance_path": "C:\\Users\\User\\Downloads\\calo-rpd-studio-v1.0.0\\calo-rpd-studio\\calo_rpd_studio\\data\\trained_models\\base_0.3_branches\\provenance\\87ae97ecc58a4e8aa6846bc541cf89a1.compute.jsonl",
      "staged_startup_delay_seconds": 2.0
    },
    "compute_resource_plan": {
      "cpu_rollout_worker_budget_total": 20,
      "cpu_support_reserve_per_branch": 2,
      "global_cpu_worker_budget": 22,
      "protection_profile_fingerprint": "57455f2c85edac1ec0e43dbea358c67c5ca83f6b95744ec9e96984b20ad6224a",
      "protection_profile_name": "Safe 80%",
      "queued_branches": 0,
      "simultaneous_branches": 1,
      "slots": [
        {
          "auxiliary_xpu_name": "",
          "auxiliary_xpu_runtime": "",
          "backend": "cuda",
          "cpu_worker_budget": 20,
          "device_name": "NVIDIA GeForce RTX 4060 Laptop GPU",
          "primary_device": "cuda:0",
          "runtime": "primary",
          "slot_index": 0
        }
      ],
      "topology_fingerprint": "557a3a7f9a44c142221347053c34575c784bb78e47778e048518f514a6ef485d",
      "total_branches": 1
    },
    "cpu_worker_budgets_by_slot": {
      "0": 20
    },
    "degraded_branches": [],
    "failed_branches": 0,
    "fatal_branch_diagnostics": [],